DROP TABLE ESTATUS_PEDIDO;
DROP TABLE CLIENTE;
DROP TABLE PRODUCTO;
DROP TABLE PEDIDO;

SELECT * FROM ESTATUS_PEDIDO;
SELECT * FROM CLIENTE;
SELECT * FROM PRODUCTO;
SELECT * FROM PEDIDO;


-- REGISTROS EN TABLA ESTATUS =>
INSERT INTO ESTATUS_PEDIDO VALUES (1, 'Pendiente');
INSERT INTO ESTATUS_PEDIDO VALUES (2, 'Enviado');
INSERT INTO ESTATUS_PEDIDO VALUES (3, 'Entregado');
INSERT INTO ESTATUS_PEDIDO VALUES (4, 'Cancelado');


-- REGISTROS EN TABLA CLIENTES =>
INSERT INTO CLIENTE (ID_CLIENTE, NOMBRE, APELLIDO, EMAIL, TELEFONO, DIRECCION)
VALUES (SEQ_CLIENTE.NEXTVAL, 'Luis', 'Ramírez', 'luis.ramirez@example.com', 5512340001, 'Av. Reforma 101');

INSERT INTO CLIENTE (ID_CLIENTE, NOMBRE, APELLIDO, EMAIL, TELEFONO, DIRECCION)
VALUES (SEQ_CLIENTE.NEXTVAL, 'María', 'López', 'maria.lopez@example.com', 5512340002, 'Calle Sur 45');

INSERT INTO CLIENTE (ID_CLIENTE, NOMBRE, APELLIDO, EMAIL, TELEFONO, DIRECCION)
VALUES (SEQ_CLIENTE.NEXTVAL, 'Carlos', 'Sánchez', 'carlos.sanchez@example.com', 5512340003, 'Av. Universidad 87');

INSERT INTO CLIENTE (ID_CLIENTE, NOMBRE, APELLIDO, EMAIL, TELEFONO, DIRECCION)
VALUES (SEQ_CLIENTE.NEXTVAL, 'Ana', 'Gómez', 'ana.gomez@example.com', 5512340004, 'Col. Roma Norte 23');

INSERT INTO CLIENTE (ID_CLIENTE, NOMBRE, APELLIDO, EMAIL, TELEFONO, DIRECCION)
VALUES (SEQ_CLIENTE.NEXTVAL, 'José', 'Hernández', 'jose.hernandez@example.com', 5512340005, 'Calle Juárez 456');

INSERT INTO CLIENTE (ID_CLIENTE, NOMBRE, APELLIDO, EMAIL, TELEFONO, DIRECCION)
VALUES (SEQ_CLIENTE.NEXTVAL, 'Paula', 'Martínez', 'paula.martinez@example.com', 5512340006, 'Blvd. del Sol 55');

INSERT INTO CLIENTE (ID_CLIENTE, NOMBRE, APELLIDO, EMAIL, TELEFONO, DIRECCION)
VALUES (SEQ_CLIENTE.NEXTVAL, 'Jorge', 'Castillo', 'jorge.castillo@example.com', 5512340007, 'Calle 10 de Mayo 17');

INSERT INTO CLIENTE (ID_CLIENTE, NOMBRE, APELLIDO, EMAIL, TELEFONO, DIRECCION)
VALUES (SEQ_CLIENTE.NEXTVAL, 'Laura', 'Morales', 'laura.morales@example.com', 5512340008, 'Av. Central 221');

INSERT INTO CLIENTE (ID_CLIENTE, NOMBRE, APELLIDO, EMAIL, TELEFONO, DIRECCION)
VALUES (SEQ_CLIENTE.NEXTVAL, 'Miguel', 'Ríos', 'miguel.rios@example.com', 5512340009, 'Col. Condesa 78');

INSERT INTO CLIENTE (ID_CLIENTE, NOMBRE, APELLIDO, EMAIL, TELEFONO, DIRECCION)
VALUES (SEQ_CLIENTE.NEXTVAL, 'Sofía', 'Vega', 'sofia.vega@example.com', 5512340010, 'Calle Independencia 9');


-- REGISTROS EN TABLA PRODUCTOS =>
INSERT INTO PRODUCTO (ID_PRODUCTO, NOMBRE, DESCRIPCION, PRECIO, STOCK) 
VALUES (1, 'Laptop Lenovo', 'Laptop Lenovo con procesador Ryzen 5', 15999.99, 25);

INSERT INTO PRODUCTO (ID_PRODUCTO, NOMBRE, DESCRIPCION, PRECIO, STOCK) 
VALUES (2, 'Mouse Logitech', 'Mouse inalámbrico con sensor óptico', 499.50, 120);

INSERT INTO PRODUCTO (ID_PRODUCTO, NOMBRE, DESCRIPCION, PRECIO, STOCK) 
VALUES (3, 'Teclado Mecánico', 'Teclado mecánico retroiluminado RGB', 899.99, 75);

INSERT INTO PRODUCTO (ID_PRODUCTO, NOMBRE, DESCRIPCION, PRECIO, STOCK) 
VALUES (4, 'Monitor LG 24"', 'Monitor LG Full HD de 24 pulgadas', 3499.00, 40);

INSERT INTO PRODUCTO (ID_PRODUCTO, NOMBRE, DESCRIPCION, PRECIO, STOCK) 
VALUES (5, 'Disco Duro 1TB', 'Disco duro externo USB 3.0 de 1TB', 1199.99, 60);

INSERT INTO PRODUCTO (ID_PRODUCTO, NOMBRE, DESCRIPCION, PRECIO, STOCK) 
VALUES (6, 'Memoria USB 64GB', 'Memoria USB 3.0 de 64GB', 199.00, 200);

INSERT INTO PRODUCTO (ID_PRODUCTO, NOMBRE, DESCRIPCION, PRECIO, STOCK) 
VALUES (7, 'Audífonos JBL', 'Audífonos inalámbricos con cancelación de ruido', 1399.50, 50);

INSERT INTO PRODUCTO (ID_PRODUCTO, NOMBRE, DESCRIPCION, PRECIO, STOCK) 
VALUES (8, 'Webcam HD', 'Cámara web HD para videollamadas', 749.00, 80);

INSERT INTO PRODUCTO (ID_PRODUCTO, NOMBRE, DESCRIPCION, PRECIO, STOCK) 
VALUES (9, 'Impresora HP', 'Impresora multifuncional a color', 2299.99, 30);

INSERT INTO PRODUCTO (ID_PRODUCTO, NOMBRE, DESCRIPCION, PRECIO, STOCK) 
VALUES (10, 'Tablet Samsung', 'Tablet Samsung Galaxy con 64GB de almacenamiento', 5299.00, 20);


-- Productos sin pedido asignado (ID_PEDIDO = NULL)
INSERT INTO PRODUCTO (ID_PRODUCTO, NOMBRE, DESCRIPCION, PRECIO, STOCK) 
VALUES (11, 'Cargador USB-C', 'Cargador rápido USB-C para teléfonos', 299.00, 100);

INSERT INTO PRODUCTO (ID_PRODUCTO, NOMBRE, DESCRIPCION, PRECIO, STOCK) 
VALUES (12, 'Cable HDMI', 'Cable HDMI de alta velocidad 2m', 149.50, 150);

INSERT INTO PRODUCTO (ID_PRODUCTO, NOMBRE, DESCRIPCION, PRECIO, STOCK) 
VALUES (13, 'Base Laptop', 'Base ergonómica ajustable para laptop', 349.00, 90);

INSERT INTO PRODUCTO (ID_PRODUCTO, NOMBRE, DESCRIPCION, PRECIO, STOCK) 
VALUES (14, 'Bocinas Bluetooth', 'Par de bocinas portátiles bluetooth', 899.99, 45);

INSERT INTO PRODUCTO (ID_PRODUCTO, NOMBRE, DESCRIPCION, PRECIO, STOCK) 
VALUES (15, 'Smartwatch', 'Reloj inteligente compatible con Android', 1899.00, 35);

INSERT INTO PRODUCTO (ID_PRODUCTO, NOMBRE, DESCRIPCION, PRECIO, STOCK) 
VALUES (16, 'SSD 500GB', 'Unidad de estado sólido de 500GB', 1499.99, 25);

INSERT INTO PRODUCTO (ID_PRODUCTO, NOMBRE, DESCRIPCION, PRECIO, STOCK) 
VALUES (17, 'Router WiFi 6', 'Router de alta velocidad con WiFi 6', 1799.00, 18);

INSERT INTO PRODUCTO (ID_PRODUCTO, NOMBRE, DESCRIPCION, PRECIO, STOCK) 
VALUES (18, 'Cámara de Seguridad', 'Cámara de seguridad inteligente', 2199.00, 22);

INSERT INTO PRODUCTO (ID_PRODUCTO, NOMBRE, DESCRIPCION, PRECIO, STOCK) 
VALUES (19, 'Luz LED Escritorio', 'Lámpara LED con carga inalámbrica', 649.99, 65);

INSERT INTO PRODUCTO (ID_PRODUCTO, NOMBRE, DESCRIPCION, PRECIO, STOCK) 
VALUES (20, 'Cooler para PC', 'Sistema de enfriamiento líquido para CPU', 2399.00, 15);


-- REGISTROS EN TABLA PEDIDOS =>
INSERT INTO PEDIDO (ID_PEDIDO, ID_CLIENTE, TOTAL, ID_ESTATUS, ID_PRODUCTO) VALUES (1, 1, 15999.99, 1, 1);
INSERT INTO PEDIDO (ID_PEDIDO, ID_CLIENTE, TOTAL, ID_ESTATUS, ID_PRODUCTO) VALUES (2, 2, 499.50, 2, 2);
INSERT INTO PEDIDO (ID_PEDIDO, ID_CLIENTE, TOTAL, ID_ESTATUS, ID_PRODUCTO) VALUES (3, 3, 299.99, 3, 3);
INSERT INTO PEDIDO (ID_PEDIDO, ID_CLIENTE, TOTAL, ID_ESTATUS, ID_PRODUCTO) VALUES (4, 4, 1099.00, 1, 4);
INSERT INTO PEDIDO (ID_PEDIDO, ID_CLIENTE, TOTAL, ID_ESTATUS, ID_PRODUCTO) VALUES (5, 5, 249.99, 2, 5);
INSERT INTO PEDIDO (ID_PEDIDO, ID_CLIENTE, TOTAL, ID_ESTATUS, ID_PRODUCTO) VALUES (6, 6, 189.99, 1, 6);
INSERT INTO PEDIDO (ID_PEDIDO, ID_CLIENTE, TOTAL, ID_ESTATUS, ID_PRODUCTO) VALUES (7, 7, 3499.00, 3, 7);
INSERT INTO PEDIDO (ID_PEDIDO, ID_CLIENTE, TOTAL, ID_ESTATUS, ID_PRODUCTO) VALUES (8, 8, 89.99, 4, 8);
INSERT INTO PEDIDO (ID_PEDIDO, ID_CLIENTE, TOTAL, ID_ESTATUS, ID_PRODUCTO) VALUES (9, 9, 129.50, 2, 9);
INSERT INTO PEDIDO (ID_PEDIDO, ID_CLIENTE, TOTAL, ID_ESTATUS, ID_PRODUCTO) VALUES (10, 10, 159.90, 1, 10);
